AspFlavus1	chr3	1680606	1697157	16551	-	AspFlavus2	chr3	1624494	1643151	18657	INV4	-
AspFlavus1	chr3	1680606	1695307	14701	-	AspFlavus2	chr3	1628416	1643151	14735	INVAL109	INV4
AspFlavus1	chr3	1696509	1697157	648	-	AspFlavus2	chr3	1624494	1625143	649	INVAL110	INV4
AspFlavus1	chr3	3565292	3568029	2737	-	AspFlavus2	chr3	3537377	3540115	2738	INV5	-
AspFlavus1	chr4	1861917	1862638	721	-	AspFlavus2	chr4	1867957	1868678	721	INV5	-
AspFlavus1	chr4	1995486	1996123	637	-	AspFlavus2	chr4	2001474	2002122	648	INV6	-
AspFlavus1	chr4	2816027	2817331	1304	-	AspFlavus2	chr4	2806556	2807846	1290	INV7	-
AspFlavus1	chr5	3209580	3214404	4824	-	AspFlavus2	chr5	3199714	3204492	4778	INV3	-
AspFlavus1	chr6	138776	149302	10526	-	AspFlavus2	chr6	123555	134081	10526	INV3	-
AspFlavus1	chr1	1386844	1412169	25325	-	AspFlavus3	chr1	1382714	1408028	25314	INV5	-
AspFlavus1	chr1	2326521	2326872	351	-	AspFlavus3	chr1	2324844	2325195	351	INV6	-
AspFlavus1	chr1	3825186	3826644	1458	-	AspFlavus3	chr1	3859380	3860837	1457	INV7	-
AspFlavus1	chr4	1861917	1862638	721	-	AspFlavus3	chr4	1823815	1824536	721	INV5	-
AspFlavus1	chr4	1995486	1996123	637	-	AspFlavus3	chr4	1957371	1958019	648	INV6	-
AspFlavus1	chr4	3721698	3723999	2301	-	AspFlavus3	chr4	3496994	3499295	2301	INV7	-
AspFlavus1	chr5	498855	499660	805	-	AspFlavus3	chr5	473196	474001	805	INV3	-
AspFlavus1	chr8	2541383	2604386	63003	-	AspFlavus3	chr8	3050887	3106929	56042	INVTR3	-
AspFlavus1	chr8	2541383	2557204	15821	-	AspFlavus3	chr8	3091109	3106929	15820	INVTRAL52	INVTR3
AspFlavus1	chr8	2557337	2575413	18076	-	AspFlavus3	chr8	3072920	3090976	18056	INVTRAL53	INVTR3
AspFlavus1	chr8	2575555	2576768	1213	-	AspFlavus3	chr8	3071564	3072778	1214	INVTRAL54	INVTR3
AspFlavus1	chr8	2584345	2585332	987	-	AspFlavus3	chr8	3070563	3071548	985	INVTRAL55	INVTR3
AspFlavus1	chr8	2585445	2604386	18941	-	AspFlavus3	chr8	3050887	3070450	19563	INVTRAL56	INVTR3
AspFlavus1	chr8	3011418	3217485	206067	-	AspFlavus3	chr8	2434241	2647946	213705	INVTR4	-
AspFlavus1	chr8	3011418	3135613	124195	-	AspFlavus3	chr8	2516183	2647946	131763	INVTRAL57	INVTR4
AspFlavus1	chr8	3135747	3217485	81738	-	AspFlavus3	chr8	2434241	2516121	81880	INVTRAL58	INVTR4
AspFlavus1	chr1	30986	32460	1474	-	AspFlavus4	chr1	35406	36879	1473	INV4	-
AspFlavus1	chr1	3825186	3826644	1458	-	AspFlavus4	chr1	3848496	3849953	1457	INV5	-
AspFlavus1	chr2	412944	413350	406	-	AspFlavus4	chr2	408832	409238	406	INV5	-
AspFlavus1	chr2	817928	944793	126865	-	AspFlavus4	chr2	798905	945923	147018	INV6	-
AspFlavus1	chr2	817928	845081	27153	-	AspFlavus4	chr2	918830	945923	27093	INVAL46	INV6
AspFlavus1	chr2	856935	868317	11382	-	AspFlavus4	chr2	895179	906563	11384	INVAL47	INV6
AspFlavus1	chr2	868383	871703	3320	-	AspFlavus4	chr2	891800	895123	3323	INVAL48	INV6
AspFlavus1	chr2	871998	917511	45513	-	AspFlavus4	chr2	846333	891501	45168	INVAL49	INV6
AspFlavus1	chr2	924439	929118	4679	-	AspFlavus4	chr2	814594	819271	4677	INVAL50	INV6
AspFlavus1	chr2	929219	944793	15574	-	AspFlavus4	chr2	798905	814493	15588	INVAL51	INV6
AspFlavus1	chr2	1150051	1150973	922	-	AspFlavus4	chr2	1149772	1150693	921	INV7	-
AspFlavus1	chr4	1861917	1862638	721	-	AspFlavus4	chr4	1838972	1839693	721	INV4	-
AspFlavus1	chr4	1995486	1996123	637	-	AspFlavus4	chr4	1972558	1973206	648	INV5	-
AspFlavus1	chr5	498855	499660	805	-	AspFlavus4	chr5	479494	480299	805	INV4	-
AspFlavus1	chr5	3225023	3226028	1005	-	AspFlavus4	chr5	3182901	3183907	1006	INV5	-
AspFlavus1	chr6	138776	149302	10526	-	AspFlavus4	chr6	140969	151494	10525	INV3	-
AspFlavus2	chr3	1628416	1643151	14735	-	AspFlavus1	chr3	1680606	1695307	14701	INV4	-
AspFlavus2	chr3	3537377	3540500	3123	-	AspFlavus1	chr3	3564817	3568029	3212	INV5	-
AspFlavus2	chr4	1867957	1868678	721	-	AspFlavus1	chr4	1861917	1862638	721	INV5	-
AspFlavus2	chr4	2001474	2002122	648	-	AspFlavus1	chr4	1995486	1996123	637	INV6	-
AspFlavus2	chr4	2806556	2807846	1290	-	AspFlavus1	chr4	2816027	2817331	1304	INV7	-
AspFlavus2	chr5	3199714	3204492	4778	-	AspFlavus1	chr5	3209580	3214404	4824	INV3	-
AspFlavus2	chr6	123555	134005	10450	-	AspFlavus1	chr6	138852	149302	10450	INV3	-
AspFlavus2	chr1	1416899	1442225	25326	-	AspFlavus3	chr1	1382714	1408028	25314	INV5	-
AspFlavus2	chr1	2354998	2355368	370	-	AspFlavus3	chr1	2324826	2325196	370	INV6	-
AspFlavus2	chr1	3859792	3861248	1456	-	AspFlavus3	chr1	3859380	3860837	1457	INV7	-
AspFlavus2	chr3	1627411	1643151	15740	-	AspFlavus3	chr3	1658963	1674654	15691	INV3	-
AspFlavus2	chr3	1627411	1628211	800	-	AspFlavus3	chr3	1673856	1674654	798	INVAL89	INV3
AspFlavus2	chr3	1628416	1643151	14735	-	AspFlavus3	chr3	1658963	1673662	14699	INVAL90	INV3
AspFlavus2	chr4	3822041	3824037	1996	-	AspFlavus3	chr4	3497281	3499272	1991	INV3	-
AspFlavus2	chr5	479874	480655	781	-	AspFlavus3	chr5	473219	473995	776	INV4	-
AspFlavus2	chr5	3199714	3204492	4778	-	AspFlavus3	chr5	3248715	3253539	4824	INV5	-
AspFlavus2	chr8	2514835	2556502	41667	-	AspFlavus3	chr8	3064012	3106383	42371	INVTR3	-
AspFlavus2	chr8	2514835	2530105	15270	-	AspFlavus3	chr8	3091109	3106383	15274	INVTRAL73	INVTR3
AspFlavus2	chr8	2530238	2542205	11967	-	AspFlavus3	chr8	3079002	3090976	11974	INVTRAL74	INVTR3
AspFlavus2	chr8	2542399	2548290	5891	-	AspFlavus3	chr8	3072920	3078808	5888	INVTRAL75	INVTR3
AspFlavus2	chr8	2555397	2556502	1105	-	AspFlavus3	chr8	3064012	3065121	1109	INVTRAL76	INVTR3
AspFlavus2	chr8	2968453	3183066	214613	-	AspFlavus3	chr8	2434234	2647946	213712	INVTR4	-
AspFlavus2	chr8	2968453	3100469	132016	-	AspFlavus3	chr8	2516373	2647946	131573	INVTRAL77	INVTR4
AspFlavus2	chr8	3100793	3172561	71768	-	AspFlavus3	chr8	2444683	2516121	71438	INVTRAL78	INVTR4
AspFlavus2	chr8	3173119	3179151	6032	-	AspFlavus3	chr8	2438092	2444124	6032	INVTRAL79	INVTR4
AspFlavus2	chr8	3179358	3183066	3708	-	AspFlavus3	chr8	2434234	2437942	3708	INVTRAL80	INVTR4
AspFlavus2	chr1	3859792	3861125	1333	-	AspFlavus4	chr1	3848620	3849953	1333	INV3	-
AspFlavus2	chr2	753634	883101	129467	-	AspFlavus4	chr2	798896	945923	147027	INV4	-
AspFlavus2	chr2	753634	769631	15997	-	AspFlavus4	chr2	930023	945923	15900	INVAL79	INV4
AspFlavus2	chr2	770165	776456	6291	-	AspFlavus4	chr2	923502	929482	5980	INVAL80	INV4
AspFlavus2	chr2	776888	794562	17674	-	AspFlavus4	chr2	905396	923067	17671	INVAL81	INV4
AspFlavus2	chr2	795445	804784	9339	-	AspFlavus4	chr2	895179	904519	9340	INVAL82	INV4
AspFlavus2	chr2	804850	808235	3385	-	AspFlavus4	chr2	891735	895123	3388	INVAL83	INV4
AspFlavus2	chr2	808465	811219	2754	-	AspFlavus4	chr2	888751	891501	2750	INVAL84	INV4
AspFlavus2	chr2	811430	832456	21026	-	AspFlavus4	chr2	867491	888540	21049	INVAL85	INV4
AspFlavus2	chr2	832734	853712	20978	-	AspFlavus4	chr2	846301	867213	20912	INVAL86	INV4
AspFlavus2	chr2	861197	861837	640	-	AspFlavus4	chr2	818043	818683	640	INVAL87	INV4
AspFlavus2	chr2	880104	883101	2997	-	AspFlavus4	chr2	798896	801890	2994	INVAL88	INV4
AspFlavus2	chr2	1072517	1073439	922	-	AspFlavus4	chr2	1149772	1150693	921	INV5	-
AspFlavus2	chr3	1627411	1643151	15740	-	AspFlavus4	chr3	1668324	1684030	15706	INV4	-
AspFlavus2	chr3	3537377	3540500	3123	-	AspFlavus4	chr3	3453710	3456848	3138	INV5	-
AspFlavus2	chr4	2088895	2089676	781	-	AspFlavus4	chr4	2059949	2060730	781	INV4	-
AspFlavus2	chr4	2746370	2756088	9718	-	AspFlavus4	chr4	2712544	2722341	9797	INV5	-
AspFlavus2	chr5	479874	480655	781	-	AspFlavus4	chr5	479517	480293	776	INV4	-
AspFlavus2	chr5	3199680	3204492	4812	-	AspFlavus4	chr5	3167444	3172256	4812	INV5	-
AspFlavus3	chr1	1382714	1408028	25314	-	AspFlavus1	chr1	1386844	1412169	25325	INV5	-
AspFlavus3	chr1	2324844	2325195	351	-	AspFlavus1	chr1	2326521	2326872	351	INV6	-
AspFlavus3	chr1	3859380	3860837	1457	-	AspFlavus1	chr1	3825186	3826644	1458	INV7	-
AspFlavus3	chr4	1823815	1824536	721	-	AspFlavus1	chr4	1861917	1862638	721	INV5	-
AspFlavus3	chr4	1957371	1958019	648	-	AspFlavus1	chr4	1995486	1996123	637	INV6	-
AspFlavus3	chr4	3496994	3499295	2301	-	AspFlavus1	chr4	3721698	3723999	2301	INV7	-
AspFlavus3	chr5	473196	474001	805	-	AspFlavus1	chr5	498855	499660	805	INV3	-
AspFlavus3	chr8	2434241	2647946	213705	-	AspFlavus1	chr8	3011418	3217485	206067	INVTR3	-
AspFlavus3	chr8	2434241	2437828	3587	-	AspFlavus1	chr8	3213902	3217485	3583	INVTRAL52	INVTR3
AspFlavus3	chr8	2437865	2516014	78149	-	AspFlavus1	chr8	3135872	3213864	77992	INVTRAL53	INVTR3
AspFlavus3	chr8	2516136	2647946	131810	-	AspFlavus1	chr8	3011418	3135642	124224	INVTRAL54	INVTR3
AspFlavus3	chr8	3072920	3106929	34009	-	AspFlavus1	chr8	2541383	2575413	34030	INVTR4	-
AspFlavus3	chr8	3072920	3087500	14580	-	AspFlavus1	chr8	2560815	2575413	14598	INVTRAL55	INVTR4
AspFlavus3	chr8	3087560	3090976	3416	-	AspFlavus1	chr8	2557337	2560754	3417	INVTRAL56	INVTR4
AspFlavus3	chr8	3091109	3106929	15820	-	AspFlavus1	chr8	2541383	2557204	15821	INVTRAL57	INVTR4
AspFlavus3	chr1	1382714	1408028	25314	-	AspFlavus2	chr1	1416899	1442225	25326	INV5	-
AspFlavus3	chr1	2324826	2325196	370	-	AspFlavus2	chr1	2354998	2355368	370	INV6	-
AspFlavus3	chr1	3859380	3860837	1457	-	AspFlavus2	chr1	3859792	3861248	1456	INV7	-
AspFlavus3	chr3	1658963	1675506	16543	-	AspFlavus2	chr3	1624494	1643151	18657	INV3	-
AspFlavus3	chr3	1658963	1673662	14699	-	AspFlavus2	chr3	1628416	1643151	14735	INVAL89	INV3
AspFlavus3	chr3	1674858	1675506	648	-	AspFlavus2	chr3	1624494	1625143	649	INVAL90	INV3
AspFlavus3	chr4	3497281	3499272	1991	-	AspFlavus2	chr4	3822041	3824037	1996	INV3	-
AspFlavus3	chr5	473219	473992	773	-	AspFlavus2	chr5	479877	480655	778	INV4	-
AspFlavus3	chr5	3248715	3253539	4824	-	AspFlavus2	chr5	3199714	3204492	4778	INV5	-
AspFlavus3	chr8	2434234	2647946	213712	-	AspFlavus2	chr8	2968453	3183066	214613	INVTR3	-
AspFlavus3	chr8	2434234	2444124	9890	-	AspFlavus2	chr8	3173119	3183066	9947	INVTRAL73	INVTR3
AspFlavus3	chr8	2444548	2516014	71466	-	AspFlavus2	chr8	3100882	3172696	71814	INVTRAL74	INVTR3
AspFlavus3	chr8	2516136	2647946	131810	-	AspFlavus2	chr8	2968453	3100706	132253	INVTRAL75	INVTR3
AspFlavus3	chr8	3063888	3106782	42894	-	AspFlavus2	chr8	2514483	2556626	42143	INVTR4	-
AspFlavus3	chr8	3063888	3065121	1233	-	AspFlavus2	chr8	2555397	2556626	1229	INVTRAL76	INVTR4
AspFlavus3	chr8	3072920	3078808	5888	-	AspFlavus2	chr8	2542399	2548290	5891	INVTRAL77	INVTR4
AspFlavus3	chr8	3078962	3090844	11882	-	AspFlavus2	chr8	2530370	2542245	11875	INVTRAL78	INVTR4
AspFlavus3	chr8	3091109	3106782	15673	-	AspFlavus2	chr8	2514483	2530105	15622	INVTRAL79	INVTR4
AspFlavus3	chr1	1382714	1408018	25304	-	AspFlavus4	chr1	1405284	1430595	25311	INV5	-
AspFlavus3	chr1	2324826	2325212	386	-	AspFlavus4	chr1	2341764	2342150	386	INV6	-
AspFlavus3	chr2	846914	973800	126886	-	AspFlavus4	chr2	798884	945923	147039	INV4	-
AspFlavus3	chr2	846914	874049	27135	-	AspFlavus4	chr2	918830	945923	27093	INVAL55	INV4
AspFlavus3	chr2	885903	897285	11382	-	AspFlavus4	chr2	895179	906563	11384	INVAL56	INV4
AspFlavus3	chr2	897351	900671	3320	-	AspFlavus4	chr2	891800	895123	3323	INVAL57	INV4
AspFlavus3	chr2	900966	946479	45513	-	AspFlavus4	chr2	846333	891501	45168	INVAL58	INV4
AspFlavus3	chr2	953407	958086	4679	-	AspFlavus4	chr2	814594	819271	4677	INVAL59	INV4
AspFlavus3	chr2	958187	973800	15613	-	AspFlavus4	chr2	798884	814493	15609	INVAL60	INV4
AspFlavus3	chr2	1178069	1178984	915	-	AspFlavus4	chr2	1149772	1150686	914	INV5	-
AspFlavus3	chr4	2044740	2045515	775	-	AspFlavus4	chr4	2059957	2060733	776	INV4	-
AspFlavus3	chr4	3497316	3498874	1558	-	AspFlavus4	chr4	3561273	3562804	1531	INV5	-
AspFlavus3	chr5	3264158	3265163	1005	-	AspFlavus4	chr5	3182901	3183907	1006	INV3	-
AspFlavus3	chr8	2434241	2647946	213705	-	AspFlavus4	chr8	2901767	3107850	206083	INVTR3	-
AspFlavus3	chr8	2434241	2437828	3587	-	AspFlavus4	chr8	3104267	3107850	3583	INVTRAL54	INVTR3
AspFlavus3	chr8	2437865	2647946	210081	-	AspFlavus4	chr8	2901767	3104229	202462	INVTRAL55	INVTR3
AspFlavus3	chr8	3072920	3106929	34009	-	AspFlavus4	chr8	2431744	2465774	34030	INVTR4	-
AspFlavus3	chr8	3072920	3087500	14580	-	AspFlavus4	chr8	2451176	2465774	14598	INVTRAL56	INVTR4
AspFlavus3	chr8	3087560	3090976	3416	-	AspFlavus4	chr8	2447698	2451115	3417	INVTRAL57	INVTR4
AspFlavus3	chr8	3091109	3106929	15820	-	AspFlavus4	chr8	2431744	2447565	15821	INVTRAL58	INVTR4
AspFlavus4	chr1	35406	36879	1473	-	AspFlavus1	chr1	30986	32460	1474	INV4	-
AspFlavus4	chr1	3848496	3849953	1457	-	AspFlavus1	chr1	3825186	3826644	1458	INV5	-
AspFlavus4	chr2	408832	409238	406	-	AspFlavus1	chr2	412944	413350	406	INV5	-
AspFlavus4	chr2	798905	945923	147018	-	AspFlavus1	chr2	817928	944793	126865	INV6	-
AspFlavus4	chr2	798905	814339	15434	-	AspFlavus1	chr2	929375	944793	15418	INVAL47	INV6
AspFlavus4	chr2	814459	819139	4680	-	AspFlavus1	chr2	924571	929253	4682	INVAL48	INV6
AspFlavus4	chr2	846192	861672	15480	-	AspFlavus1	chr2	902154	917652	15498	INVAL49	INV6
AspFlavus4	chr2	861962	891445	29483	-	AspFlavus1	chr2	872054	901568	29514	INVAL50	INV6
AspFlavus4	chr2	891733	895034	3301	-	AspFlavus1	chr2	868469	871770	3301	INVAL51	INV6
AspFlavus4	chr2	895179	906563	11384	-	AspFlavus1	chr2	856935	868317	11382	INVAL52	INV6
AspFlavus4	chr2	918830	945923	27093	-	AspFlavus1	chr2	817928	845081	27153	INVAL53	INV6
AspFlavus4	chr2	1149772	1150693	921	-	AspFlavus1	chr2	1150051	1150973	922	INV7	-
AspFlavus4	chr4	1838972	1839693	721	-	AspFlavus1	chr4	1861917	1862638	721	INV4	-
AspFlavus4	chr4	1972558	1973206	648	-	AspFlavus1	chr4	1995486	1996123	637	INV5	-
AspFlavus4	chr5	479494	480299	805	-	AspFlavus1	chr5	498855	499660	805	INV4	-
AspFlavus4	chr5	3182901	3183906	1005	-	AspFlavus1	chr5	3225024	3226028	1004	INV5	-
AspFlavus4	chr6	140969	151418	10449	-	AspFlavus1	chr6	138852	149302	10450	INV3	-
AspFlavus4	chr1	3848620	3849953	1333	-	AspFlavus2	chr1	3859792	3861125	1333	INV3	-
AspFlavus4	chr2	798896	945923	147027	-	AspFlavus2	chr2	753634	883101	129467	INV4	-
AspFlavus4	chr2	798896	801838	2942	-	AspFlavus2	chr2	880158	883101	2943	INVAL79	INV4
AspFlavus4	chr2	818043	818683	640	-	AspFlavus2	chr2	861197	861837	640	INVAL80	INV4
AspFlavus4	chr2	846192	867213	21021	-	AspFlavus2	chr2	832734	853821	21087	INVAL81	INV4
AspFlavus4	chr2	867491	888540	21049	-	AspFlavus2	chr2	811430	832456	21026	INVAL82	INV4
AspFlavus4	chr2	888751	891445	2694	-	AspFlavus2	chr2	808521	811219	2698	INVAL83	INV4
AspFlavus4	chr2	891735	895123	3388	-	AspFlavus2	chr2	804850	808235	3385	INVAL84	INV4
AspFlavus4	chr2	895179	904519	9340	-	AspFlavus2	chr2	795445	804784	9339	INVAL85	INV4
AspFlavus4	chr2	905277	923067	17790	-	AspFlavus2	chr2	776888	794684	17796	INVAL86	INV4
AspFlavus4	chr2	923462	929482	6020	-	AspFlavus2	chr2	770165	776496	6331	INVAL87	INV4
AspFlavus4	chr2	930023	945923	15900	-	AspFlavus2	chr2	753634	769631	15997	INVAL88	INV4
AspFlavus4	chr2	1149772	1150693	921	-	AspFlavus2	chr2	1072517	1073439	922	INV5	-
AspFlavus4	chr3	1668324	1684030	15706	-	AspFlavus2	chr3	1627411	1643151	15740	INV4	-
AspFlavus4	chr3	3453710	3456848	3138	-	AspFlavus2	chr3	3537377	3540500	3123	INV5	-
AspFlavus4	chr4	2059949	2060730	781	-	AspFlavus2	chr4	2088895	2089676	781	INV4	-
AspFlavus4	chr4	2712544	2722341	9797	-	AspFlavus2	chr4	2746370	2756088	9718	INV5	-
AspFlavus4	chr5	479517	480290	773	-	AspFlavus2	chr5	479877	480655	778	INV4	-
AspFlavus4	chr5	3167444	3172256	4812	-	AspFlavus2	chr5	3199680	3204492	4812	INV5	-
AspFlavus4	chr1	1405284	1430595	25311	-	AspFlavus3	chr1	1382714	1408018	25304	INV4	-
AspFlavus4	chr1	2341764	2342150	386	-	AspFlavus3	chr1	2324826	2325212	386	INV5	-
AspFlavus4	chr2	798884	945923	147039	-	AspFlavus3	chr2	846914	973800	126886	INV4	-
AspFlavus4	chr2	798884	814339	15455	-	AspFlavus3	chr2	958343	973800	15457	INVAL55	INV4
AspFlavus4	chr2	814459	819139	4680	-	AspFlavus3	chr2	953539	958221	4682	INVAL56	INV4
AspFlavus4	chr2	846192	861672	15480	-	AspFlavus3	chr2	931122	946620	15498	INVAL57	INV4
AspFlavus4	chr2	861962	891445	29483	-	AspFlavus3	chr2	901022	930536	29514	INVAL58	INV4
AspFlavus4	chr2	891733	895034	3301	-	AspFlavus3	chr2	897437	900738	3301	INVAL59	INV4
AspFlavus4	chr2	895179	906563	11384	-	AspFlavus3	chr2	885903	897285	11382	INVAL60	INV4
AspFlavus4	chr2	918830	945923	27093	-	AspFlavus3	chr2	846914	874049	27135	INVAL61	INV4
AspFlavus4	chr2	1149772	1150686	914	-	AspFlavus3	chr2	1178069	1178984	915	INV5	-
AspFlavus4	chr4	2059957	2060730	773	-	AspFlavus3	chr4	2044743	2045515	772	INV4	-
AspFlavus4	chr4	3561474	3562804	1330	-	AspFlavus3	chr4	3497316	3498644	1328	INV5	-
AspFlavus4	chr5	3182901	3183906	1005	-	AspFlavus3	chr5	3264159	3265163	1004	INV3	-
AspFlavus4	chr8	2431744	2494747	63003	-	AspFlavus3	chr8	3050887	3106929	56042	INVTR3	-
AspFlavus4	chr8	2431744	2447565	15821	-	AspFlavus3	chr8	3091109	3106929	15820	INVTRAL54	INVTR3
AspFlavus4	chr8	2447698	2465774	18076	-	AspFlavus3	chr8	3072920	3090976	18056	INVTRAL55	INVTR3
AspFlavus4	chr8	2465916	2467129	1213	-	AspFlavus3	chr8	3071564	3072778	1214	INVTRAL56	INVTR3
AspFlavus4	chr8	2474706	2475693	987	-	AspFlavus3	chr8	3070563	3071548	985	INVTRAL57	INVTR3
AspFlavus4	chr8	2475806	2494747	18941	-	AspFlavus3	chr8	3050887	3070450	19563	INVTRAL58	INVTR3
AspFlavus4	chr8	2901767	3107850	206083	-	AspFlavus3	chr8	2434241	2647946	213705	INVTR4	-
AspFlavus4	chr8	2901767	3025957	124190	-	AspFlavus3	chr8	2516183	2647946	131763	INVTRAL59	INVTR4
AspFlavus4	chr8	3026091	3107850	81759	-	AspFlavus3	chr8	2434241	2516121	81880	INVTRAL60	INVTR4
